x0 (Electricity (ITC Hotel)),y0 (kWh)
2026-09-08 20:30:00,255
2026-09-09 00:00:00,1617
2026-09-10 00:00:00,1632
2026-09-11 00:00:00,1634
2026-09-12 00:00:00,1618
2026-09-13 00:00:00,1680
2026-09-14 00:00:00,1668
2026-09-15 00:00:00,1634
2026-09-16 00:00:00,1710
2026-09-17 00:00:00,1686
2026-09-18 00:00:00,1632
2026-09-19 00:00:00,1641
2026-09-20 00:00:00,1681
2026-09-21 00:00:00,1681
2026-09-22 00:00:00,1662
2026-09-23 00:00:00,1702
2026-09-24 00:00:00,1703
2026-09-25 00:00:00,1657
2026-09-26 00:00:00,1677
2026-09-27 00:00:00,1682
2026-09-28 00:00:00,1712
2026-09-29 00:00:00,1693
2026-09-30 00:00:00,1699
2026-10-01 00:00:00,1679
2026-10-02 00:00:00,1625
2026-10-03 00:00:00,1673
2026-10-04 00:00:00,1720
2026-10-05 00:00:00,1719
2026-10-06 00:00:00,1705
2026-10-07 00:00:00,1730
2026-10-08 00:00:00,1730
2026-10-09 00:00:00,753