x0 (Electricity (Nanolab)),y0 (kWh)
2026-09-08 20:30:00,1462
2026-09-09 00:00:00,11306
2026-09-10 00:00:00,10256
2026-09-11 00:00:00,11144
2026-09-12 00:00:00,10380
2026-09-13 00:00:00,11104
2026-09-14 00:00:00,11578
2026-09-15 00:00:00,12066
2026-09-16 00:00:00,11928
2026-09-17 00:00:00,11478
2026-09-18 00:00:00,10826
2026-09-19 00:00:00,10090
2026-09-20 00:00:00,10138
2026-09-21 00:00:00,10416
2026-09-22 00:00:00,10728
2026-09-23 00:00:00,9908
2026-09-24 00:00:00,9902
2026-09-25 00:00:00,9686
2026-09-26 00:00:00,9456
2026-09-27 00:00:00,9552
2026-09-28 00:00:00,11238
2026-09-29 00:00:00,11826
2026-09-30 00:00:00,10870
2026-10-01 00:00:00,12258
2026-10-02 00:00:00,10876
2026-10-03 00:00:00,9526
2026-10-04 00:00:00,9488
2026-10-05 00:00:00,10606
2026-10-06 00:00:00,11322
2026-10-07 00:00:00,10966
2026-10-08 00:00:00,10884
2026-10-09 00:00:00,5070