x0 (Electricity (Pakkerij)),y0 (kWh)
2026-09-08 20:30:00,95
2026-09-09 00:00:00,501
2026-09-10 00:00:00,466
2026-09-11 00:00:00,467
2026-09-12 00:00:00,319
2026-09-13 00:00:00,310
2026-09-14 00:00:00,470
2026-09-15 00:00:00,543
2026-09-16 00:00:00,449
2026-09-17 00:00:00,411
2026-09-18 00:00:00,425
2026-09-19 00:00:00,338
2026-09-20 00:00:00,317
2026-09-21 00:00:00,362
2026-09-22 00:00:00,424
2026-09-23 00:00:00,452
2026-09-24 00:00:00,402
2026-09-25 00:00:00,444
2026-09-26 00:00:00,269
2026-09-27 00:00:00,292
2026-09-28 00:00:00,388
2026-09-29 00:00:00,486
2026-09-30 00:00:00,528
2026-10-01 00:00:00,474
2026-10-02 00:00:00,570
2026-10-03 00:00:00,407
2026-10-04 00:00:00,319
2026-10-05 00:00:00,314
2026-10-06 00:00:00,393
2026-10-07 00:00:00,487
2026-10-08 00:00:00,397
2026-10-09 00:00:00,236