x0 (Electricity (Sports Center)),y0 (kWh)
2026-09-08 20:30:00,223
2026-09-09 00:00:00,1513
2026-09-10 00:00:00,1406
2026-09-11 00:00:00,1427
2026-09-12 00:00:00,1245
2026-09-13 00:00:00,1095
2026-09-14 00:00:00,1491
2026-09-15 00:00:00,1639
2026-09-16 00:00:00,1680
2026-09-17 00:00:00,1461
2026-09-18 00:00:00,1494
2026-09-19 00:00:00,1339
2026-09-20 00:00:00,1078
2026-09-21 00:00:00,1597
2026-09-22 00:00:00,1517
2026-09-23 00:00:00,1591
2026-09-24 00:00:00,1540
2026-09-25 00:00:00,1406
2026-09-26 00:00:00,1476
2026-09-27 00:00:00,1085
2026-09-28 00:00:00,1650
2026-09-29 00:00:00,1702
2026-09-30 00:00:00,1759
2026-10-01 00:00:00,1755
2026-10-02 00:00:00,1707
2026-10-03 00:00:00,1387
2026-10-04 00:00:00,889
2026-10-05 00:00:00,1511
2026-10-06 00:00:00,1543
2026-10-07 00:00:00,1589
2026-10-08 00:00:00,1513
2026-10-09 00:00:00,677