x0 (Electricity (Stall)),y0 (kWh)
2026-09-08 20:30:00,1
2026-09-09 00:00:00,17
2026-09-10 00:00:00,11
2026-09-11 00:00:00,15
2026-09-12 00:00:00,15
2026-09-13 00:00:00,8
2026-09-14 00:00:00,11
2026-09-15 00:00:00,14
2026-09-16 00:00:00,18
2026-09-17 00:00:00,26
2026-09-18 00:00:00,30
2026-09-19 00:00:00,18
2026-09-20 00:00:00,23
2026-09-21 00:00:00,23
2026-09-22 00:00:00,36
2026-09-23 00:00:00,30
2026-09-24 00:00:00,26
2026-09-25 00:00:00,28
2026-09-26 00:00:00,21
2026-09-27 00:00:00,13
2026-09-28 00:00:00,8
2026-09-29 00:00:00,10
2026-09-30 00:00:00,10
2026-10-01 00:00:00,9
2026-10-02 00:00:00,17
2026-10-03 00:00:00,9
2026-10-04 00:00:00,8
2026-10-05 00:00:00,12
2026-10-06 00:00:00,10
2026-10-07 00:00:00,15
2026-10-08 00:00:00,35
2026-10-09 00:00:00,13