x0 (Electricity (Technohal)),y0 (kWh)
2026-09-08 20:30:00,151
2026-09-09 00:00:00,2129
2026-09-10 00:00:00,2077
2026-09-11 00:00:00,1868
2026-09-12 00:00:00,1312
2026-09-13 00:00:00,1085
2026-09-14 00:00:00,1925
2026-09-15 00:00:00,2012
2026-09-16 00:00:00,2132
2026-09-17 00:00:00,2119
2026-09-18 00:00:00,1910
2026-09-19 00:00:00,1143
2026-09-20 00:00:00,1260
2026-09-21 00:00:00,2161
2026-09-22 00:00:00,2233
2026-09-23 00:00:00,2135
2026-09-24 00:00:00,2073
2026-09-25 00:00:00,1915
2026-09-26 00:00:00,1261
2026-09-27 00:00:00,1256
2026-09-28 00:00:00,2129
2026-09-29 00:00:00,2066
2026-09-30 00:00:00,2098
2026-10-01 00:00:00,2107
2026-10-02 00:00:00,1837
2026-10-03 00:00:00,1286
2026-10-04 00:00:00,1292
2026-10-05 00:00:00,1899
2026-10-06 00:00:00,2024
2026-10-07 00:00:00,2080
2026-10-08 00:00:00,2020
2026-10-09 00:00:00,908