x0 (Electricity (U Parkhotel)),y0 (kWh)
2026-09-08 20:30:00,286
2026-09-09 00:00:00,2053
2026-09-10 00:00:00,2046
2026-09-11 00:00:00,1967
2026-09-12 00:00:00,1978
2026-09-13 00:00:00,2032
2026-09-14 00:00:00,2321
2026-09-15 00:00:00,2667
2026-09-16 00:00:00,2180
2026-09-17 00:00:00,2030
2026-09-18 00:00:00,1876
2026-09-19 00:00:00,1721
2026-09-20 00:00:00,1709
2026-09-21 00:00:00,1988
2026-09-22 00:00:00,2193
2026-09-23 00:00:00,2200
2026-09-24 00:00:00,2031
2026-09-25 00:00:00,2045
2026-09-26 00:00:00,1943
2026-09-27 00:00:00,1939
2026-09-28 00:00:00,2135
2026-09-29 00:00:00,2361
2026-09-30 00:00:00,2463
2026-10-01 00:00:00,2355
2026-10-02 00:00:00,2096
2026-10-03 00:00:00,1948
2026-10-04 00:00:00,1837
2026-10-05 00:00:00,1977
2026-10-06 00:00:00,2025
2026-10-07 00:00:00,2012
2026-10-08 00:00:00,1832
2026-10-09 00:00:00,1087